filename,prompt,magic_prompt,magic_prompt_output,aspect_ratio,model,visibility,seed_number,rendering,negative_prompt,style,color_palette,image_url
0001_1_a-vibrant-digital-illustration-of-a-cove_-sYEqGq4SFOO9gDg6hZapg_aR0yLf6WR5upUyhHsrPlwA.jpeg,"A digital illustration of a vibrant coverpage with right aligned text ""Rajasthan Sangeet, Cinema, Natya aur Sanskritik Manch"" in both Hindi and English script, elegantly arranged within a horizontal frame without any errors in text. The horizontal frame features intricate patterns inspired by traditional Rajasthani articles and is adorned with stylized depictions of a sitar, a theatrical mask, and a vintage film reel, and a vintage camera symbolizing the event's focus. Warm earthy tones of ochre, terracotta, and sienna dominate the color palette, evoking the region’s desert landscape and historical architecture, while a subtle golden glow emanates from the center. The background is a soft, gradient wash of desert sunset hues, contributing to a feeling of artistic excellence and cultural pride.",ON,"A vibrant digital illustration of a cover page showcasing ""Rajasthan Sangeet, Cinema, Natya aur Sanskritik Manch"" in both Hindi and English script, elegantly aligned within a horizontal frame. The frame is intricately adorned with patterns inspired by traditional Rajasthani textiles, featuring stylized depictions of a gleaming sitar, a theatrical mask with vibrant colors, a vintage film reel with exposed film, and a vintage camera subtly capturing the scene. Warm earthy tones of ochre, terracotta, and sienna dominate the color palette, with a gentle golden glow emanating from the central frame, all set against a soft gradient background mimicking a desert sunset. The composition evokes artistic excellence and cultural pride, creating a rich visual tapestry celebrating Rajasthan’s artistic heritage.",1:1,3.0,public,200817684,default,,auto,,https://ideogram.ai/g/aR0yLf6WR5upUyhHsrPlwA/0
0001_2_a-vibrant-digital-illustration-of-a-cove_3TO_f_o6SnuNrkQvpNTT6A_aR0yLf6WR5upUyhHsrPlwA.jpeg,"A digital illustration of a vibrant coverpage with right aligned text ""Rajasthan Sangeet, Cinema, Natya aur Sanskritik Manch"" in both Hindi and English script, elegantly arranged within a horizontal frame without any errors in text. The horizontal frame features intricate patterns inspired by traditional Rajasthani articles and is adorned with stylized depictions of a sitar, a theatrical mask, and a vintage film reel, and a vintage camera symbolizing the event's focus. Warm earthy tones of ochre, terracotta, and sienna dominate the color palette, evoking the region’s desert landscape and historical architecture, while a subtle golden glow emanates from the center. The background is a soft, gradient wash of desert sunset hues, contributing to a feeling of artistic excellence and cultural pride.",ON,"A vibrant digital illustration of a cover page for ""Rajasthan Sangeet, Cinema, Natya aur Sanskritik Manch"" in both Hindi and English script, elegantly arranged within a horizontal frame. The text is right-aligned within a frame adorned with intricate Rajasthani patterns, featuring stylized depictions of a sitar, a theatrical mask, and a vintage film reel alongside a vintage camera, all subtly illuminated with a warm golden glow. The background showcases a soft gradient wash of desert sunset hues—ochre, terracotta, and sienna—creating a feeling of artistic excellence, while a few desert plants are positioned subtly in the background. The overall composition emphasizes cultural pride with a focus on traditional artistry and a sense of timeless beauty.",1:1,3.0,public,200817684,default,,auto,,https://ideogram.ai/g/aR0yLf6WR5upUyhHsrPlwA/1
0001_3_a-vibrant-digital-illustration-depicting_fnPfVO1aRc6ECyaUsRadkQ_aR0yLf6WR5upUyhHsrPlwA.jpeg,"A digital illustration of a vibrant coverpage with right aligned text ""Rajasthan Sangeet, Cinema, Natya aur Sanskritik Manch"" in both Hindi and English script, elegantly arranged within a horizontal frame without any errors in text. The horizontal frame features intricate patterns inspired by traditional Rajasthani articles and is adorned with stylized depictions of a sitar, a theatrical mask, and a vintage film reel, and a vintage camera symbolizing the event's focus. Warm earthy tones of ochre, terracotta, and sienna dominate the color palette, evoking the region’s desert landscape and historical architecture, while a subtle golden glow emanates from the center. The background is a soft, gradient wash of desert sunset hues, contributing to a feeling of artistic excellence and cultural pride.",ON,"A vibrant digital illustration depicting a cover page for a cultural event, showcasing ""Rajasthan Sangeet, Cinema, Natya aur Sanskritik Manch"" in both Hindi and English script, elegantly aligned within a richly detailed horizontal frame. The frame is adorned with intricate Rajasthani-inspired patterns surrounding stylized depictions of a gleaming sitar, a weathered theatrical mask, a vintage film reel, and an antique camera, each subtly illuminated. A soft, warm gradient background of desert sunset hues – blending ochre, terracotta, and sienna – radiates a golden glow from the central frame, evoking the region’s rich heritage and artistic spirit. Delicate floral motifs and stylized peacocks subtly enhance the background, adding a touch of traditional Rajasthani artistry to the composition.",1:1,3.0,public,200817684,default,,auto,,https://ideogram.ai/g/aR0yLf6WR5upUyhHsrPlwA/2
0001_4_a-vibrant-digital-illustration-of-a-cove_lxc9tf1BSh2aPuihdV1WvQ_aR0yLf6WR5upUyhHsrPlwA_cover.jpeg,"A digital illustration of a vibrant coverpage with right aligned text ""Rajasthan Sangeet, Cinema, Natya aur Sanskritik Manch"" in both Hindi and English script, elegantly arranged within a horizontal frame without any errors in text. The horizontal frame features intricate patterns inspired by traditional Rajasthani articles and is adorned with stylized depictions of a sitar, a theatrical mask, and a vintage film reel, and a vintage camera symbolizing the event's focus. Warm earthy tones of ochre, terracotta, and sienna dominate the color palette, evoking the region’s desert landscape and historical architecture, while a subtle golden glow emanates from the center. The background is a soft, gradient wash of desert sunset hues, contributing to a feeling of artistic excellence and cultural pride.",ON,"A vibrant digital illustration of a cover page for ""Rajasthan Sangeet, Cinema, Natya aur Sanskritik Manch"" – both Hindi and English scripts elegantly aligned within a decorative horizontal frame. The frame showcases intricate patterns inspired by Rajasthani textiles, alongside stylized depictions of a gleaming sitar, a dramatic theatrical mask, a vintage film reel, and a classic vintage camera, all meticulously arranged for visual balance. Warm earthy tones of ochre, terracotta, and sienna dominate the palette, complemented by a soft, gradient desert sunset background radiating a subtle golden glow from the center, emphasizing the cultural pride and artistic excellence of the event. Gentle flourishes of traditional Rajasthani floral motifs subtly weave around the frame, adding depth and reinforcing the region's rich heritage.",1:1,3.0,public,200817684,default,,auto,,https://ideogram.ai/g/aR0yLf6WR5upUyhHsrPlwA/3
0002_1_a-vibrant-digital-illustration-depicting_LnVUGTpAREireuZLcI0a_w_Brqfye1-TUuVbzxcXl7atQ.jpeg,"A vibrant digital illustration of a cover page for ""Rajasthan Sangeet, Cinema, Natya aur Sanskritik Manch"" – both Hindi and English scripts 'aligned on the right', elegantly aligned within a decorative horizontal frame. The frame showcases intricate patterns inspired by Rajasthani textiles, alongside stylized depictions of a gleaming sitar, a dramatic theatrical mask, a vintage film reel, and a classic vintage camera, all meticulously arranged for visual balance. Warm earthy tones of ochre, terracotta, and sienna dominate the palette, complemented by a soft, gradient desert sunset background radiating a subtle golden glow from the center, emphasizing the cultural pride and artistic excellence of the event. Gentle flourishes of traditional Rajasthani floral motifs subtly weave around the frame, adding depth and reinforcing the region's rich heritage.",ON,"A vibrant digital illustration depicting a cover page for ""Rajasthan Sangeet, Cinema, Natya aur Sanskritik Manch"" - with both Hindi and English scripts elegantly aligned on the right within a richly detailed horizontal frame. The frame showcases intricate patterns inspired by Rajasthani textiles and stylized depictions of a gleaming sitar, a dramatic theatrical mask, a vintage film reel, and a classic vintage camera, arranged symmetrically to emphasize balance and cultural heritage. A soft, gradient desert sunset radiates a subtle golden glow from the center, casting warm ochre, terracotta, and sienna tones across the scene, subtly interwoven with traditional Rajasthani floral motifs that delicately frame the central design. The composition evokes a sense of artistic pride and showcases Rajasthan’s vibrant cultural landscape, with a subtle vignette effect drawing the eye toward the central text and imagery.",16:9,3.0,public,1097481948,default,,realistic,,https://ideogram.ai/g/Brqfye1-TUuVbzxcXl7atQ/0
0002_2_a-vibrant-digital-illustration-of-a-cove_OdQQaf5dSGuj20bChW49WQ_Brqfye1-TUuVbzxcXl7atQ_cover.jpeg,"A vibrant digital illustration of a cover page for ""Rajasthan Sangeet, Cinema, Natya aur Sanskritik Manch"" – both Hindi and English scripts 'aligned on the right', elegantly aligned within a decorative horizontal frame. The frame showcases intricate patterns inspired by Rajasthani textiles, alongside stylized depictions of a gleaming sitar, a dramatic theatrical mask, a vintage film reel, and a classic vintage camera, all meticulously arranged for visual balance. Warm earthy tones of ochre, terracotta, and sienna dominate the palette, complemented by a soft, gradient desert sunset background radiating a subtle golden glow from the center, emphasizing the cultural pride and artistic excellence of the event. Gentle flourishes of traditional Rajasthani floral motifs subtly weave around the frame, adding depth and reinforcing the region's rich heritage.",ON,"A vibrant digital illustration of a cover page for ""Rajasthan Sangeet, Cinema, Natya aur Sanskritik Manch"" – ""Rajasthan Sangeet, Cinema, Natya aur Sanskritik Manch"" elegantly aligned on the right within a decorative horizontal frame. The frame is intricately designed with patterns inspired by Rajasthani textiles, showcasing a gleaming sitar angled gracefully, a dramatic theatrical mask facing forward with a knowing expression, a vintage film reel partially unspooled, and a classic vintage camera pointing towards the viewer. Warm earthy tones of ochre, terracotta, and sienna blend seamlessly within a soft, gradient desert sunset background radiating a subtle golden glow, while gentle flourishes of traditional Rajasthani floral motifs subtly weave around the frame, adding depth and reinforcing the region's rich heritage, creating a feeling of cultural pride. Soft, diffused light enhances the texture of the textile patterns and highlights the polished surfaces of the instruments and camera, establishing an atmosphere of artistic excellence and timeless tradition.",16:9,3.0,public,1097481948,default,,realistic,,https://ideogram.ai/g/Brqfye1-TUuVbzxcXl7atQ/1
0002_3_a-vibrant-digital-illustration-depicting_XWjJn_jFQ5KuPdNqNvQlWg_Brqfye1-TUuVbzxcXl7atQ.jpeg,"A vibrant digital illustration of a cover page for ""Rajasthan Sangeet, Cinema, Natya aur Sanskritik Manch"" – both Hindi and English scripts 'aligned on the right', elegantly aligned within a decorative horizontal frame. The frame showcases intricate patterns inspired by Rajasthani textiles, alongside stylized depictions of a gleaming sitar, a dramatic theatrical mask, a vintage film reel, and a classic vintage camera, all meticulously arranged for visual balance. Warm earthy tones of ochre, terracotta, and sienna dominate the palette, complemented by a soft, gradient desert sunset background radiating a subtle golden glow from the center, emphasizing the cultural pride and artistic excellence of the event. Gentle flourishes of traditional Rajasthani floral motifs subtly weave around the frame, adding depth and reinforcing the region's rich heritage.",ON,"A vibrant digital illustration depicting a cover page for ""Rajasthan Sangeet, Cinema, Natya aur Sanskritik Manch"" – the title elegantly aligned in both Hindi and English scripts within a decorative horizontal frame on the right side of the image. The frame is intricately designed with patterns inspired by Rajasthani textiles, showcasing stylized depictions of a gleaming sitar, a dramatic theatrical mask, a vintage film reel, and a classic vintage camera arranged for visual balance. Warm earthy tones of ochre, terracotta, and sienna dominate the palette, set against a soft gradient desert sunset background radiating a subtle golden glow, with gentle flourishes of traditional Rajasthani floral motifs weaving around the frame. The overall composition evokes cultural pride and artistic excellence, with the title prominently centered and the background subtly blurred to enhance focus on the frame's rich details.",16:9,3.0,public,1097481948,default,,realistic,,https://ideogram.ai/g/Brqfye1-TUuVbzxcXl7atQ/2
0002_4_a-vibrant-digital-illustration-depicting_yRKAT6M3SBiRt42aEKvsUA_Brqfye1-TUuVbzxcXl7atQ.jpeg,"A vibrant digital illustration of a cover page for ""Rajasthan Sangeet, Cinema, Natya aur Sanskritik Manch"" – both Hindi and English scripts 'aligned on the right', elegantly aligned within a decorative horizontal frame. The frame showcases intricate patterns inspired by Rajasthani textiles, alongside stylized depictions of a gleaming sitar, a dramatic theatrical mask, a vintage film reel, and a classic vintage camera, all meticulously arranged for visual balance. Warm earthy tones of ochre, terracotta, and sienna dominate the palette, complemented by a soft, gradient desert sunset background radiating a subtle golden glow from the center, emphasizing the cultural pride and artistic excellence of the event. Gentle flourishes of traditional Rajasthani floral motifs subtly weave around the frame, adding depth and reinforcing the region's rich heritage.",ON,"A vibrant digital illustration depicting a cover page for ""Rajasthan Sangeet, Cinema, Natya aur Sanskritik Manch"" – the bilingual title elegantly aligned to the right within a richly detailed decorative frame. The frame showcases intricate patterns inspired by Rajasthani textiles, interspersed with stylized depictions of a gleaming sitar, a dramatic theatrical mask, a vintage film reel, and a classic vintage camera arranged symmetrically for visual balance. A soft, gradient desert sunset background radiates a subtle golden glow from the center, complementing the warm earthy tones of ochre, terracotta, and sienna, with gentle flourishes of traditional Rajasthani floral motifs subtly weaving around the frame. This artwork emphasizes the cultural pride and artistic excellence of the event through symbolic representation and warm, inviting tones.",16:9,3.0,public,1097481948,default,,realistic,,https://ideogram.ai/g/Brqfye1-TUuVbzxcXl7atQ/3
0003_1_a-cinematic-poster-showcasing-royalty-re_G-dCFIqsQoyoPCR4E7WPWg_tIVPXaRZRZ611aA07GCHAw_cover.jpeg,"""Royalty Redefined – Rajasthan Welcomes You""

Design a majestic and visually immersive poster or logo that embodies the theme ""Royalty Redefined"" with the subtext ""Rajasthan Welcomes You"". The artwork should blend timeless regal heritage with modern artistic expression, showcasing Rajasthan as a land where tradition meets transformation.

Visual Elements to Include:

A stylized crown or royal emblem, reimagined with a modern twist using metallic textures, geometric patterns, or abstract forms.

Background featuring a desert landscape transitioning into a contemporary city skyline (e.g., Jaipur or Jodhpur), symbolizing the union of past and present.

Iconic visuals like:

A camel caravan crossing sand dunes

Folk dancers mid-spin in vibrant lehengas

A fort silhouette (Mehrangarh, City Palace, or Amer Fort)

Subtle motifs like a peacock feather, Rajput sword, or film reel strip

Typography:

“Royalty Redefined” in a bold, regal serif font with metallic or embossed styling

“Rajasthan Welcomes You” in elegant script or Devanagari-inspired typography beneath it

Color Palette:

Royal Gold – for elegance and heritage

Desert Sand Beige – to evoke warmth

Maroon or Ruby Red – symbolizing richness and celebration

Indigo or Peacock Blue – representing art, royalty, and depth

Style & Mood:

Ultra-realistic and cinematic

Elegant, majestic, and welcoming

Balanced fusion of traditional Indian elements and modern minimalism

Make sure the final design evokes awe, warmth, and pride, inviting viewers into a redefined royal journey through Rajasthan.",ON,"A cinematic poster showcasing ""Royalty Redefined – Rajasthan Welcomes You"", featuring a stylized, modern interpretation of a Rajput crown intricately crafted from shimmering gold and geometric patterns. Below the crown, a sweeping panorama transitions seamlessly from rolling sand dunes with a distant camel caravan to the vibrant cityscape of Jaipur, highlighting the fort of Amer Palace silhouetted against a dusky sky. Folk dancers in swirling, vibrant lehengas are subtly incorporated into the foreground, while a peacock feather and Rajput sword motifs are etched delicately into the design, illuminated by warm, golden hour lighting. The overall composition evokes awe and warmth, inviting viewers into a redefined royal journey through Rajasthan.",16:9,3.0,public,1687915938,default,,auto,,https://ideogram.ai/g/tIVPXaRZRZ611aA07GCHAw/0
0003_2_a-cinematic-poster-design-showcasing-roy_UkpScf5_QoCEs0FbKio8ig_tIVPXaRZRZ611aA07GCHAw.jpeg,"""Royalty Redefined – Rajasthan Welcomes You""

Design a majestic and visually immersive poster or logo that embodies the theme ""Royalty Redefined"" with the subtext ""Rajasthan Welcomes You"". The artwork should blend timeless regal heritage with modern artistic expression, showcasing Rajasthan as a land where tradition meets transformation.

Visual Elements to Include:

A stylized crown or royal emblem, reimagined with a modern twist using metallic textures, geometric patterns, or abstract forms.

Background featuring a desert landscape transitioning into a contemporary city skyline (e.g., Jaipur or Jodhpur), symbolizing the union of past and present.

Iconic visuals like:

A camel caravan crossing sand dunes

Folk dancers mid-spin in vibrant lehengas

A fort silhouette (Mehrangarh, City Palace, or Amer Fort)

Subtle motifs like a peacock feather, Rajput sword, or film reel strip

Typography:

“Royalty Redefined” in a bold, regal serif font with metallic or embossed styling

“Rajasthan Welcomes You” in elegant script or Devanagari-inspired typography beneath it

Color Palette:

Royal Gold – for elegance and heritage

Desert Sand Beige – to evoke warmth

Maroon or Ruby Red – symbolizing richness and celebration

Indigo or Peacock Blue – representing art, royalty, and depth

Style & Mood:

Ultra-realistic and cinematic

Elegant, majestic, and welcoming

Balanced fusion of traditional Indian elements and modern minimalism

Make sure the final design evokes awe, warmth, and pride, inviting viewers into a redefined royal journey through Rajasthan.",ON,"A cinematic poster design showcasing ""Royalty Redefined – Rajasthan Welcomes You"" with a striking visual focus on a stylized, modern crown intricately crafted from metallic gold and geometric patterns, positioned centrally against a dramatic sunset backdrop. Below the crown, a sweeping panorama transitions seamlessly from rolling sand dunes featuring a vibrant camel caravan to the silhouette of the majestic Mehrangarh Fort merging into a contemporary cityscape of Jodhpur, subtly lit by warm, inviting streetlights. The scene incorporates folk dancers captured mid-spin in swirling, colorful lehengas, along with subtle motifs of peacock feathers and Rajput swords, all bathed in a rich color palette of royal gold, desert sand beige, maroon, and indigo, conveying a sense of timeless heritage and modern transformation. The typography is elegant, with ""Royalty Redefined"" in a bold serif font and “Rajasthan Welcomes You” displayed gracefully beneath it, inviting viewers to experience a redefined royal journey.",16:9,3.0,public,1687915938,default,,auto,,https://ideogram.ai/g/tIVPXaRZRZ611aA07GCHAw/1
0003_3_a-majestic-ultra-realistic-poster-showca_Wd5C1gBcSKKXmCMOM_Osfg_tIVPXaRZRZ611aA07GCHAw.jpeg,"""Royalty Redefined – Rajasthan Welcomes You""

Design a majestic and visually immersive poster or logo that embodies the theme ""Royalty Redefined"" with the subtext ""Rajasthan Welcomes You"". The artwork should blend timeless regal heritage with modern artistic expression, showcasing Rajasthan as a land where tradition meets transformation.

Visual Elements to Include:

A stylized crown or royal emblem, reimagined with a modern twist using metallic textures, geometric patterns, or abstract forms.

Background featuring a desert landscape transitioning into a contemporary city skyline (e.g., Jaipur or Jodhpur), symbolizing the union of past and present.

Iconic visuals like:

A camel caravan crossing sand dunes

Folk dancers mid-spin in vibrant lehengas

A fort silhouette (Mehrangarh, City Palace, or Amer Fort)

Subtle motifs like a peacock feather, Rajput sword, or film reel strip

Typography:

“Royalty Redefined” in a bold, regal serif font with metallic or embossed styling

“Rajasthan Welcomes You” in elegant script or Devanagari-inspired typography beneath it

Color Palette:

Royal Gold – for elegance and heritage

Desert Sand Beige – to evoke warmth

Maroon or Ruby Red – symbolizing richness and celebration

Indigo or Peacock Blue – representing art, royalty, and depth

Style & Mood:

Ultra-realistic and cinematic

Elegant, majestic, and welcoming

Balanced fusion of traditional Indian elements and modern minimalism

Make sure the final design evokes awe, warmth, and pride, inviting viewers into a redefined royal journey through Rajasthan.",ON,"A majestic ultra-realistic poster showcasing ""Royalty Redefined – Rajasthan Welcomes You"" with a stylized crown intricately woven with metallic gold textures and subtle geometric patterns as the central focus, positioned slightly above the center of the frame. Below the crown, a breathtaking panorama transitions seamlessly from rolling sand dunes with a camel caravan to a modern cityscape featuring the silhouette of Mehrangarh Fort in the distance, all bathed in the warm glow of the setting sun. The scene is accented by fleeting glimpses of folk dancers in vibrant lehengas and subtle motifs of peacock feathers, Rajput swords, and film reel strips, enhancing the rich cultural tapestry of Rajasthan. The color palette features royal gold, desert sand beige, maroon, and indigo hues, creating an atmosphere of awe, warmth, and regal pride, subtly illuminated by a cinematic lighting effect.",16:9,3.0,public,1687915938,default,,auto,,https://ideogram.ai/g/tIVPXaRZRZ611aA07GCHAw/2
0003_4_a-majestic-ultra-realistic-poster-depict_nYNxlYOdR5eRoOAw4OeAVg_tIVPXaRZRZ611aA07GCHAw.jpeg,"""Royalty Redefined – Rajasthan Welcomes You""

Design a majestic and visually immersive poster or logo that embodies the theme ""Royalty Redefined"" with the subtext ""Rajasthan Welcomes You"". The artwork should blend timeless regal heritage with modern artistic expression, showcasing Rajasthan as a land where tradition meets transformation.

Visual Elements to Include:

A stylized crown or royal emblem, reimagined with a modern twist using metallic textures, geometric patterns, or abstract forms.

Background featuring a desert landscape transitioning into a contemporary city skyline (e.g., Jaipur or Jodhpur), symbolizing the union of past and present.

Iconic visuals like:

A camel caravan crossing sand dunes

Folk dancers mid-spin in vibrant lehengas

A fort silhouette (Mehrangarh, City Palace, or Amer Fort)

Subtle motifs like a peacock feather, Rajput sword, or film reel strip

Typography:

“Royalty Redefined” in a bold, regal serif font with metallic or embossed styling

“Rajasthan Welcomes You” in elegant script or Devanagari-inspired typography beneath it

Color Palette:

Royal Gold – for elegance and heritage

Desert Sand Beige – to evoke warmth

Maroon or Ruby Red – symbolizing richness and celebration

Indigo or Peacock Blue – representing art, royalty, and depth

Style & Mood:

Ultra-realistic and cinematic

Elegant, majestic, and welcoming

Balanced fusion of traditional Indian elements and modern minimalism

Make sure the final design evokes awe, warmth, and pride, inviting viewers into a redefined royal journey through Rajasthan.",ON,"A majestic ultra-realistic poster depicting ""Royalty Redefined – Rajasthan Welcomes You"", showcasing a stylized, modern interpretation of a Rajput crown floating above a seamless blend of a sprawling desert landscape and a contemporary city skyline reminiscent of Jaipur. The crown is rendered with intricate metallic textures and geometric patterns, subtly reflecting the warm hues of the desert sand and the cool blues of the modern cityscape below, with faint silhouettes of Mehrangarh Fort visible in the distance. A camel caravan slowly traverses the dunes while vibrant folk dancers mid-spin are gracefully framed within a golden haze, all illuminated by a soft, warm glow of the setting sun and subtly punctuated with motifs of peacock feathers and Rajput swords. The scene evokes a sense of awe, warmth, and regal pride, seamlessly fusing traditional Indian heritage with a modern, innovative spirit.",16:9,3.0,public,1687915938,default,,auto,,https://ideogram.ai/g/tIVPXaRZRZ611aA07GCHAw/3
0004_1_a-majestic-poster-in-an-ultra-realistic-_KiYO7c5MSp6NcCOlmCTkSg_CS0UWcvIT9KxhZumOEOqgg.jpeg,"""Palaces 
Pearls and
Pure Majesty""

Design a majestic and visually immersive poster or logo that embodies the theme ""Royalty Redefined"" with the subtext ""Rajasthan Welcomes You"". The artwork should blend timeless regal heritage with modern artistic expression, showcasing Rajasthan as a land where tradition meets transformation.

Visual Elements to Include:

A stylized crown or royal emblem, reimagined with a modern twist using metallic textures, geometric patterns, or abstract forms.

Background featuring a desert landscape transitioning into a contemporary city skyline (e.g., Jaipur or Jodhpur), symbolizing the union of past and present.

Iconic visuals like:

A camel caravan crossing sand dunes, Hyper Realistic Folk dancers mid-spin in vibrant lehengas, A fort silhouette (Mehrangarh, City Palace, or Amer Fort), Subtle motifs like a peacock feather, Rajput sword, Ultra realistic Crown

Typography:

“Palaces 
Pearls and
Pure Majesty” in a bold, Edwardian font with metallic or embossed styling

“Rajasthan Welcomes You” in elegant script or Devanagari-inspired typography beneath it

Color Palette:

Royal Gold – for elegance and heritage

Desert Sand Beige – to evoke warmth

Maroon or Ruby Red – symbolizing richness and celebration

Indigo or Peacock Blue – representing art, royalty, and depth

Style & Mood:

Ultra-realistic and cinematic

Elegant, majestic, and welcoming

Balanced fusion of traditional Indian elements and modern minimalism

Make sure the final design evokes awe, warmth, and pride, inviting viewers into a redefined royal journey through Rajasthan.",ON,"A majestic poster in an ultra-realistic, cinematic style showcasing “Palaces, Pearls and Pure Majesty”, the central focus being a stylized, modern crown composed of intricate geometric patterns and shimmering metallic textures, positioned slightly above the center. Beneath the crown, a sweeping panoramic view merges the warm hues of a desert landscape, complete with a camel caravan traversing sand dunes, seamlessly transitioning into the vibrant, contemporary skyline of Jaipur. The scene is illuminated by a soft, golden light, punctuated by subtle motifs of peacock feathers and Rajput swords, with the tagline “Rajasthan Welcomes You” elegantly rendered in a Devanagari-inspired script below. The overall composition balances traditional Indian elements with modern minimalism, evoking a sense of awe, warmth, and pride, inviting viewers into a redefined royal journey through Rajasthan.",9:16,3.0,public,1426453624,default,,auto,,https://ideogram.ai/g/CS0UWcvIT9KxhZumOEOqgg/0
0004_2_a-majestic-poster-design-in-an-ultra-rea_Yua2HBmiRFyaLaXFruFRug_CS0UWcvIT9KxhZumOEOqgg.jpeg,"""Palaces 
Pearls and
Pure Majesty""

Design a majestic and visually immersive poster or logo that embodies the theme ""Royalty Redefined"" with the subtext ""Rajasthan Welcomes You"". The artwork should blend timeless regal heritage with modern artistic expression, showcasing Rajasthan as a land where tradition meets transformation.

Visual Elements to Include:

A stylized crown or royal emblem, reimagined with a modern twist using metallic textures, geometric patterns, or abstract forms.

Background featuring a desert landscape transitioning into a contemporary city skyline (e.g., Jaipur or Jodhpur), symbolizing the union of past and present.

Iconic visuals like:

A camel caravan crossing sand dunes, Hyper Realistic Folk dancers mid-spin in vibrant lehengas, A fort silhouette (Mehrangarh, City Palace, or Amer Fort), Subtle motifs like a peacock feather, Rajput sword, Ultra realistic Crown

Typography:

“Palaces 
Pearls and
Pure Majesty” in a bold, Edwardian font with metallic or embossed styling

“Rajasthan Welcomes You” in elegant script or Devanagari-inspired typography beneath it

Color Palette:

Royal Gold – for elegance and heritage

Desert Sand Beige – to evoke warmth

Maroon or Ruby Red – symbolizing richness and celebration

Indigo or Peacock Blue – representing art, royalty, and depth

Style & Mood:

Ultra-realistic and cinematic

Elegant, majestic, and welcoming

Balanced fusion of traditional Indian elements and modern minimalism

Make sure the final design evokes awe, warmth, and pride, inviting viewers into a redefined royal journey through Rajasthan.",ON,"A majestic poster design in an ultra-realistic cinematic style featuring ""Palaces, Pearls and Pure Majesty"" as the central title, rendered in a bold, metallic Edwardian font. Below the title, a stylized crown, reimagined with geometric patterns and metallic textures, floats above a seamless transition from rolling desert dunes with a camel caravan to a contemporary skyline reminiscent of Jaipur, symbolizing Rajasthan’s blend of heritage and modernity. In the foreground, hyper realistic folk dancers in vibrant lehengas are captured mid-spin against the backdrop of a silhouetted Mehrangarh Fort, while subtle motifs of peacock feathers and Rajput swords are incorporated within the design. The color palette combines royal gold, desert sand beige, maroon, and indigo, bathed in warm, inviting light to evoke awe and pride.",9:16,3.0,public,1426453624,default,,auto,,https://ideogram.ai/g/CS0UWcvIT9KxhZumOEOqgg/1
0004_3_a-majestic-poster-in-an-ultra-realistic-_mHCVa_8oSlKb4XOk4sArbg_CS0UWcvIT9KxhZumOEOqgg_cover.jpeg,"""Palaces 
Pearls and
Pure Majesty""

Design a majestic and visually immersive poster or logo that embodies the theme ""Royalty Redefined"" with the subtext ""Rajasthan Welcomes You"". The artwork should blend timeless regal heritage with modern artistic expression, showcasing Rajasthan as a land where tradition meets transformation.

Visual Elements to Include:

A stylized crown or royal emblem, reimagined with a modern twist using metallic textures, geometric patterns, or abstract forms.

Background featuring a desert landscape transitioning into a contemporary city skyline (e.g., Jaipur or Jodhpur), symbolizing the union of past and present.

Iconic visuals like:

A camel caravan crossing sand dunes, Hyper Realistic Folk dancers mid-spin in vibrant lehengas, A fort silhouette (Mehrangarh, City Palace, or Amer Fort), Subtle motifs like a peacock feather, Rajput sword, Ultra realistic Crown

Typography:

“Palaces 
Pearls and
Pure Majesty” in a bold, Edwardian font with metallic or embossed styling

“Rajasthan Welcomes You” in elegant script or Devanagari-inspired typography beneath it

Color Palette:

Royal Gold – for elegance and heritage

Desert Sand Beige – to evoke warmth

Maroon or Ruby Red – symbolizing richness and celebration

Indigo or Peacock Blue – representing art, royalty, and depth

Style & Mood:

Ultra-realistic and cinematic

Elegant, majestic, and welcoming

Balanced fusion of traditional Indian elements and modern minimalism

Make sure the final design evokes awe, warmth, and pride, inviting viewers into a redefined royal journey through Rajasthan.",ON,"A majestic poster in an ultra-realistic, cinematic style depicting “Palaces, Pearls and Pure Majesty”, showcasing a stylized reimagining of a Rajput crown intricately crafted with metallic textures and geometric patterns, resting upon a sand dune overlooking a vibrant desert landscape that seamlessly transitions into a modern Jaipur skyline. Below the crown, a hyper-realistic image of folk dancers in swirling vibrant lehengas captures a moment mid-spin, while in the background, the silhouette of Mehrangarh Fort stands majestically against a warm, sunset-hued sky. The text ""Rajasthan Welcomes You"" is elegantly displayed in a Devanagari-inspired font beneath the crown and dancers, illuminated by soft, golden light, evoking a sense of awe, warmth, and royal pride.",9:16,3.0,public,1426453624,default,,auto,,https://ideogram.ai/g/CS0UWcvIT9KxhZumOEOqgg/2
0004_4_a-majestic-poster-in-an-ultra-realistic-_qeLcF2OgRESJjaRTzHXZwg_CS0UWcvIT9KxhZumOEOqgg.jpeg,"""Palaces 
Pearls and
Pure Majesty""

Design a majestic and visually immersive poster or logo that embodies the theme ""Royalty Redefined"" with the subtext ""Rajasthan Welcomes You"". The artwork should blend timeless regal heritage with modern artistic expression, showcasing Rajasthan as a land where tradition meets transformation.

Visual Elements to Include:

A stylized crown or royal emblem, reimagined with a modern twist using metallic textures, geometric patterns, or abstract forms.

Background featuring a desert landscape transitioning into a contemporary city skyline (e.g., Jaipur or Jodhpur), symbolizing the union of past and present.

Iconic visuals like:

A camel caravan crossing sand dunes, Hyper Realistic Folk dancers mid-spin in vibrant lehengas, A fort silhouette (Mehrangarh, City Palace, or Amer Fort), Subtle motifs like a peacock feather, Rajput sword, Ultra realistic Crown

Typography:

“Palaces 
Pearls and
Pure Majesty” in a bold, Edwardian font with metallic or embossed styling

“Rajasthan Welcomes You” in elegant script or Devanagari-inspired typography beneath it

Color Palette:

Royal Gold – for elegance and heritage

Desert Sand Beige – to evoke warmth

Maroon or Ruby Red – symbolizing richness and celebration

Indigo or Peacock Blue – representing art, royalty, and depth

Style & Mood:

Ultra-realistic and cinematic

Elegant, majestic, and welcoming

Balanced fusion of traditional Indian elements and modern minimalism

Make sure the final design evokes awe, warmth, and pride, inviting viewers into a redefined royal journey through Rajasthan.",ON,"A majestic poster in an ultra-realistic, cinematic style showcasing ""Palaces, Pearls and Pure Majesty,"" embodying ""Rajasthan Welcomes You."" The central focus is a stylized, modern interpretation of a Rajput crown rendered in shimmering royal gold and intricate geometric patterns, floating slightly above a vast desert landscape merging seamlessly with a contemporary city skyline featuring Jaipur's iconic landmarks. Below the crown, a hyperrealistic depiction of folk dancers in vibrant lehengas are captured mid-spin, while subtle motifs of peacock feathers and Rajput swords are interwoven throughout the design, all bathed in warm, inviting desert light. The text ""Rajasthan Welcomes You"" appears in elegant Devanagari-inspired typography beneath the crown, reinforcing the theme of regal heritage and modern transformation.",9:16,3.0,public,1426453624,default,,auto,,https://ideogram.ai/g/CS0UWcvIT9KxhZumOEOqgg/3
0005_1_a-vibrant-logo-design-featuring-rajastha_EwA1y-JJRtaODndWOqh2EA_ui89rgPuTj6Ly-CnV4dedQ.jpeg,"Design a vibrant and culturally rich logo for the ""Rajasthan Sangeet, Cinema, Natya aur Sanskritik Manch."" The poster should visually represent the essence of Rajasthan’s music, cinema, theater, and cultural heritage. Incorporate traditional Rajasthani musical instruments, theatrical masks, and cinematic elements. Use warm, earthy colors inspired by Rajasthan’s landscape and architecture. Include both Hindi and English text, highlighting the event’s name and its celebration of Rajasthan’s artistic legacy. The overall design should evoke a sense of pride, tradition, and artistic excellence, appealing to a diverse audience interested in the performing and visual arts of Rajasthan.",ON,"A vibrant logo design featuring ""Rajasthan Sangeet, Cinema, Natya aur Sanskritik Manch"" prominently displayed in a stylized font blending Hindi and English scripts. A stylized silhouette of a traditional Rajasthani musician playing a sitar intertwines with a theatrical mask and a vintage film reel, symbolizing music, theater, and cinema, all rendered in warm hues of ochre, terracotta, and saffron. The background showcases intricate patterns inspired by Rajasthani architecture and textiles, creating a rich tapestry of cultural heritage and artistic excellence. Soft, golden lighting illuminates the logo, projecting a sense of pride and celebrating Rajasthan’s artistic legacy.",1:1,3.0,public,1930390213,default,,auto,,https://ideogram.ai/g/ui89rgPuTj6Ly-CnV4dedQ/0
0005_2_a-digital-illustration-of-a-vibrant-logo_fxwsw0GCScqa3OWFqRns_Q_ui89rgPuTj6Ly-CnV4dedQ.jpeg,"Design a vibrant and culturally rich logo for the ""Rajasthan Sangeet, Cinema, Natya aur Sanskritik Manch."" The poster should visually represent the essence of Rajasthan’s music, cinema, theater, and cultural heritage. Incorporate traditional Rajasthani musical instruments, theatrical masks, and cinematic elements. Use warm, earthy colors inspired by Rajasthan’s landscape and architecture. Include both Hindi and English text, highlighting the event’s name and its celebration of Rajasthan’s artistic legacy. The overall design should evoke a sense of pride, tradition, and artistic excellence, appealing to a diverse audience interested in the performing and visual arts of Rajasthan.",ON,"A digital illustration of a vibrant logo centered around the text ""Rajasthan Sangeet, Cinema, Natya aur Sanskritik Manch"" in both Hindi and English script, elegantly arranged within a circular frame. The circular frame features intricate patterns inspired by traditional Rajasthani textiles and is adorned with stylized depictions of a sitar, a theatrical mask, and a vintage film reel, symbolizing the event's focus. Warm earthy tones of ochre, terracotta, and sienna dominate the color palette, evoking the region’s desert landscape and historical architecture, while a subtle golden glow emanates from the center. The background is a soft, gradient wash of desert sunset hues, contributing to a feeling of artistic excellence and cultural pride.",1:1,3.0,public,1930390213,default,,auto,,https://ideogram.ai/g/ui89rgPuTj6Ly-CnV4dedQ/1
0005_3_a-vibrant-poster-design-featuring-rajast_iWT1pMx5SmihQpSnkMQE6g_ui89rgPuTj6Ly-CnV4dedQ.jpeg,"Design a vibrant and culturally rich logo for the ""Rajasthan Sangeet, Cinema, Natya aur Sanskritik Manch."" The poster should visually represent the essence of Rajasthan’s music, cinema, theater, and cultural heritage. Incorporate traditional Rajasthani musical instruments, theatrical masks, and cinematic elements. Use warm, earthy colors inspired by Rajasthan’s landscape and architecture. Include both Hindi and English text, highlighting the event’s name and its celebration of Rajasthan’s artistic legacy. The overall design should evoke a sense of pride, tradition, and artistic excellence, appealing to a diverse audience interested in the performing and visual arts of Rajasthan.",ON,"A vibrant poster design featuring ""Rajasthan Sangeet, Cinema, Natya aur Sanskritik Manch"" prominently displayed in a stylized, ornate font. A central image depicts a traditional Rajasthani musician playing a sitar, adorned with vibrant, flowing robes of saffron and crimson, positioned against a backdrop of intricately carved sandstone arches inspired by Rajasthan's architecture. Around the musician, subtle silhouettes of theatrical masks and film reels are interspersed, while a warm gradient of terracotta, ochre, and burnt orange forms the background, evoking the desert landscape, and below the title ""Rajasthan’s Artistic Legacy"" appears in a smaller elegant serif font. The overall composition aims to celebrate the richness of Rajasthan’s cultural heritage through a harmonious blend of music, theatre, and cinema, radiating warmth and artistic pride.",1:1,3.0,public,1930390213,default,,auto,,https://ideogram.ai/g/ui89rgPuTj6Ly-CnV4dedQ/2
0005_4_a-vibrant-poster-design-showcasing-rajas_xR_aH_JcSQWVHjyLiR71dA_ui89rgPuTj6Ly-CnV4dedQ_cover.jpeg,"Design a vibrant and culturally rich logo for the ""Rajasthan Sangeet, Cinema, Natya aur Sanskritik Manch."" The poster should visually represent the essence of Rajasthan’s music, cinema, theater, and cultural heritage. Incorporate traditional Rajasthani musical instruments, theatrical masks, and cinematic elements. Use warm, earthy colors inspired by Rajasthan’s landscape and architecture. Include both Hindi and English text, highlighting the event’s name and its celebration of Rajasthan’s artistic legacy. The overall design should evoke a sense of pride, tradition, and artistic excellence, appealing to a diverse audience interested in the performing and visual arts of Rajasthan.",ON,"A vibrant poster design showcasing ""Rajasthan Sangeet, Cinema, Natya aur Sanskritik Manch"" as the central focus. A stylized silhouette of a traditional Rajasthani musician playing a sitar is prominently featured in the foreground, wearing a bright orange turban and a flowing blue kurta, with intricate patterns visible on his clothing. Around the musician, subtle depictions of theatrical masks and film reels swirl, accented by warm terracotta and ochre hues inspired by Rajasthani architecture, fading into a background of stylized sand dunes and a setting sun. At the bottom of the poster, in elegant Hindi and English script, the event's name is repeated, anchoring the design with a sense of cultural pride and artistic legacy.",1:1,3.0,public,1930390213,default,,auto,,https://ideogram.ai/g/ui89rgPuTj6Ly-CnV4dedQ/3
